{
  "name": "root",
  "total": 13.6123761,
  "count": 1,
  "self": 13.6123761
}