{
  "name": "root",
  "total": 58.812066,
  "count": 1,
  "self": 58.812066
}