{
  "name": "root",
  "total": 35.6013847,
  "count": 1,
  "self": 12.54371950000002,
  "children": [
    {
      "name": "TrainerController.advance",
      "total": 23.057665199999978,
      "count": 238,
      "self": 1.7852127999999645,
      "children": [
        {
          "name": "env_step",
          "total": 11.839015100000013,
          "count": 238,
          "self": 10.930906900000004,
          "children": [
            {
              "name": "SubprocessEnvManager._take_step",
              "total": 0.9049588000000153,
              "count": 238,
              "self": 0.006648300000025031,
              "children": [
                {
                  "name": "PPOPolicy.evaluate",
                  "total": 0.8983104999999902,
                  "count": 238,
                  "self": 0.8983104999999902
                }
              ]
            },
            {
              "name": "workers",
              "total": 0.003149399999994529,
              "count": 237,
              "self": 0.0,
              "children": [
                {
                  "name": "worker_root",
                  "total": 26.442519999999984,
                  "count": 237,
                  "is_parallel": true,
                  "self": 15.96081179999997,
                  "children": [
                    {
                      "name": "UnityEnvironment.step",
                      "total": 10.481708200000014,
                      "count": 237,
                      "is_parallel": true,
                      "self": 2.476685300000014,
                      "children": [
                        {
                          "name": "UnityEnvironment._generate_step_input",
                          "total": 0.733804799999989,
                          "count": 237,
                          "is_parallel": true,
                          "self": 0.733804799999989
                        },
                        {
                          "name": "communicator.exchange",
                          "total": 7.271218100000012,
                          "count": 237,
                          "is_parallel": true,
                          "self": 7.271218100000012
                        }
                      ]
                    }
                  ]
                }
              ]
            }
          ]
        },
        {
          "name": "update_policy",
          "total": 9.433437300000001,
          "count": 2,
          "self": 0.06368739999999207,
          "children": [
            {
              "name": "PPOPolicy.update",
              "total": 9.36974990000001,
              "count": 108,
              "self": 9.36974990000001
            }
          ]
        }
      ]
    }
  ]
}