{
  "name": "root",
  "gauges": [
    {
      "name": "EconomyLearningBrain.mean_reward",
      "value": 0.8650000058114529,
      "min": 0.4010000012814999,
      "max": 0.8650000058114529,
      "count": 2
    }
  ],
  "total": 630.1386996,
  "count": 1,
  "self": 7.600138699998524,
  "children": [
    {
      "name": "TrainerController.advance",
      "total": 622.5385609000015,
      "count": 4006,
      "self": 237.9919338000019,
      "children": [
        {
          "name": "env_step",
          "total": 174.5453627,
          "count": 4006,
          "self": 169.4265860999997,
          "children": [
            {
              "name": "SubprocessEnvManager._take_step",
              "total": 5.060824100001201,
              "count": 4006,
              "self": 0.09046160000013082,
              "children": [
                {
                  "name": "PPOPolicy.evaluate",
                  "total": 4.9703625000010705,
                  "count": 4006,
                  "self": 4.9703625000010705
                }
              ]
            },
            {
              "name": "workers",
              "total": 0.057952499999110785,
              "count": 4005,
              "self": 0.0,
              "children": [
                {
                  "name": "worker_root",
                  "total": 624.2804317000018,
                  "count": 4005,
                  "is_parallel": true,
                  "self": 463.18979840000054,
                  "children": [
                    {
                      "name": "UnityEnvironment.step",
                      "total": 161.09063330000126,
                      "count": 4005,
                      "is_parallel": true,
                      "self": 42.999532700002376,
                      "children": [
                        {
                          "name": "UnityEnvironment._generate_step_input",
                          "total": 9.156144099999796,
                          "count": 4005,
                          "is_parallel": true,
                          "self": 9.156144099999796
                        },
                        {
                          "name": "communicator.exchange",
                          "total": 108.93495649999909,
                          "count": 4005,
                          "is_parallel": true,
                          "self": 108.93495649999909
                        }
                      ]
                    }
                  ]
                }
              ]
            }
          ]
        },
        {
          "name": "update_policy",
          "total": 210.00126439999957,
          "count": 1996,
          "self": 111.66212849999864,
          "children": [
            {
              "name": "PPOPolicy.update",
              "total": 98.33913590000093,
              "count": 14856,
              "self": 98.33913590000093
            }
          ]
        }
      ]
    }
  ]
}