{
  "name": "root",
  "total": 25.0155228,
  "count": 1,
  "self": 13.739135300000031,
  "children": [
    {
      "name": "TrainerController.advance",
      "total": 11.276387499999968,
      "count": 1191,
      "self": 1.1123823999998859,
      "children": [
        {
          "name": "env_step",
          "total": 9.952161300000082,
          "count": 1191,
          "self": 9.204468200000123,
          "children": [
            {
              "name": "SubprocessEnvManager._take_step",
              "total": 0.7360693999999999,
              "count": 1191,
              "self": 0.01951820000000737,
              "children": [
                {
                  "name": "PPOPolicy.evaluate",
                  "total": 0.7165511999999925,
                  "count": 1191,
                  "self": 0.7165511999999925
                }
              ]
            },
            {
              "name": "workers",
              "total": 0.011623699999958603,
              "count": 1190,
              "self": 0.0,
              "children": [
                {
                  "name": "worker_root",
                  "total": 21.555028299999996,
                  "count": 1190,
                  "is_parallel": true,
                  "self": 13.136555300000087,
                  "children": [
                    {
                      "name": "UnityEnvironment.step",
                      "total": 8.41847299999991,
                      "count": 1190,
                      "is_parallel": true,
                      "self": 0.3988506999998176,
                      "children": [
                        {
                          "name": "UnityEnvironment._generate_step_input",
                          "total": 0.07452300000010581,
                          "count": 1190,
                          "is_parallel": true,
                          "self": 0.07452300000010581
                        },
                        {
                          "name": "communicator.exchange",
                          "total": 7.9450992999999865,
                          "count": 1190,
                          "is_parallel": true,
                          "self": 7.9450992999999865
                        }
                      ]
                    }
                  ]
                }
              ]
            }
          ]
        },
        {
          "name": "update_policy",
          "total": 0.21184380000000047,
          "count": 11,
          "self": 0.21184380000000047
        }
      ]
    }
  ]
}