{
  "name": "root",
  "gauges": [
    {
      "name": "EconomyLearningBrain.mean_reward",
      "value": 4350.249996304512,
      "min": 23.899999976158142,
      "max": 4350.249996304512,
      "count": 10
    }
  ],
  "total": 251.0101416,
  "count": 1,
  "self": 9.789075400000172,
  "children": [
    {
      "name": "TrainerController.advance",
      "total": 241.22106619999983,
      "count": 11190,
      "self": 10.679526300000106,
      "children": [
        {
          "name": "env_step",
          "total": 228.53521829999974,
          "count": 11190,
          "self": 221.75640690000054,
          "children": [
            {
              "name": "SubprocessEnvManager._take_step",
              "total": 6.662572899999227,
              "count": 11190,
              "self": 0.18286639999943421,
              "children": [
                {
                  "name": "PPOPolicy.evaluate",
                  "total": 6.479706499999793,
                  "count": 11190,
                  "self": 6.479706499999793
                }
              ]
            },
            {
              "name": "workers",
              "total": 0.11623849999997571,
              "count": 11189,
              "self": 0.0,
              "children": [
                {
                  "name": "worker_root",
                  "total": 247.6110386999997,
                  "count": 11189,
                  "is_parallel": true,
                  "self": 33.47939989999898,
                  "children": [
                    {
                      "name": "UnityEnvironment.step",
                      "total": 214.13163880000073,
                      "count": 11189,
                      "is_parallel": true,
                      "self": 3.908941900001196,
                      "children": [
                        {
                          "name": "UnityEnvironment._generate_step_input",
                          "total": 0.7387784000006383,
                          "count": 11189,
                          "is_parallel": true,
                          "self": 0.7387784000006383
                        },
                        {
                          "name": "communicator.exchange",
                          "total": 209.4839184999989,
                          "count": 11189,
                          "is_parallel": true,
                          "self": 209.4839184999989
                        }
                      ]
                    }
                  ]
                }
              ]
            }
          ]
        },
        {
          "name": "update_policy",
          "total": 2.006321599999989,
          "count": 123,
          "self": 2.006321599999989
        }
      ]
    }
  ]
}