{
  "name": "root",
  "total": 201.6277751,
  "count": 1,
  "self": 8.0020099999997,
  "children": [
    {
      "name": "TrainerController.advance",
      "total": 193.6257651000003,
      "count": 982,
      "self": 62.81962440000038,
      "children": [
        {
          "name": "env_step",
          "total": 73.70953819999998,
          "count": 982,
          "self": 72.3780686000001,
          "children": [
            {
              "name": "SubprocessEnvManager._take_step",
              "total": 1.3176838999995883,
              "count": 982,
              "self": 0.021936199999849748,
              "children": [
                {
                  "name": "PPOPolicy.evaluate",
                  "total": 1.2957476999997386,
                  "count": 982,
                  "self": 1.2957476999997386
                }
              ]
            },
            {
              "name": "workers",
              "total": 0.013785700000290113,
              "count": 981,
              "self": 0.0,
              "children": [
                {
                  "name": "worker_root",
                  "total": 172.9897873999999,
                  "count": 981,
                  "is_parallel": true,
                  "self": 126.42222140000021,
                  "children": [
                    {
                      "name": "UnityEnvironment.step",
                      "total": 46.56756599999968,
                      "count": 981,
                      "is_parallel": true,
                      "self": 11.96923429999972,
                      "children": [
                        {
                          "name": "UnityEnvironment._generate_step_input",
                          "total": 2.3863541999998383,
                          "count": 981,
                          "is_parallel": true,
                          "self": 2.3863541999998383
                        },
                        {
                          "name": "communicator.exchange",
                          "total": 32.211977500000124,
                          "count": 981,
                          "is_parallel": true,
                          "self": 32.211977500000124
                        }
                      ]
                    }
                  ]
                }
              ]
            }
          ]
        },
        {
          "name": "update_policy",
          "total": 57.096602499999946,
          "count": 494,
          "self": 29.21377149999985,
          "children": [
            {
              "name": "PPOPolicy.update",
              "total": 27.882831000000095,
              "count": 4104,
              "self": 27.882831000000095
            }
          ]
        }
      ]
    }
  ]
}