{
  "name": "root",
  "gauges": [
    {
      "name": "EconomyLearningBrain.mean_reward",
      "value": 155.9083350300789,
      "min": 13.005000126361846,
      "max": 173.15000188350677,
      "count": 10
    }
  ],
  "total": 717.5002748999999,
  "count": 1,
  "self": 53.11699409999585,
  "children": [
    {
      "name": "TrainerController.advance",
      "total": 664.3832808000041,
      "count": 20699,
      "self": 49.09740570000372,
      "children": [
        {
          "name": "env_step",
          "total": 255.58512879999967,
          "count": 20699,
          "self": 215.0310231000035,
          "children": [
            {
              "name": "SubprocessEnvManager._take_step",
              "total": 40.319995799997265,
              "count": 20699,
              "self": 0.42049089999594713,
              "children": [
                {
                  "name": "PPOPolicy.evaluate",
                  "total": 39.89950490000132,
                  "count": 20699,
                  "self": 39.89950490000132
                }
              ]
            },
            {
              "name": "workers",
              "total": 0.2341098999989164,
              "count": 20698,
              "self": 0.0,
              "children": [
                {
                  "name": "worker_root",
                  "total": 713.4168473999957,
                  "count": 20698,
                  "is_parallel": true,
                  "self": 516.2690017999964,
                  "children": [
                    {
                      "name": "UnityEnvironment.step",
                      "total": 197.14784559999927,
                      "count": 20698,
                      "is_parallel": true,
                      "self": 26.91744119999501,
                      "children": [
                        {
                          "name": "UnityEnvironment._generate_step_input",
                          "total": 7.294280499996381,
                          "count": 20698,
                          "is_parallel": true,
                          "self": 7.294280499996381
                        },
                        {
                          "name": "communicator.exchange",
                          "total": 162.93612390000789,
                          "count": 20698,
                          "is_parallel": true,
                          "self": 162.93612390000789
                        }
                      ]
                    }
                  ]
                }
              ]
            }
          ]
        },
        {
          "name": "update_policy",
          "total": 359.7007463000006,
          "count": 124,
          "self": 2.6115262000006965,
          "children": [
            {
              "name": "PPOPolicy.update",
              "total": 357.0892200999999,
              "count": 6036,
              "self": 357.0892200999999
            }
          ]
        }
      ]
    }
  ]
}