{
  "name": "root",
  "total": 41.182886599999996,
  "count": 1,
  "self": 9.887305899999955,
  "children": [
    {
      "name": "TrainerController.advance",
      "total": 31.29558070000004,
      "count": 2226,
      "self": 2.5893162000000167,
      "children": [
        {
          "name": "env_step",
          "total": 28.07064640000004,
          "count": 2226,
          "self": 26.415253600000185,
          "children": [
            {
              "name": "SubprocessEnvManager._take_step",
              "total": 1.622888299999964,
              "count": 2226,
              "self": 0.0448461000000524,
              "children": [
                {
                  "name": "PPOPolicy.evaluate",
                  "total": 1.5780421999999117,
                  "count": 2226,
                  "self": 1.5780421999999117
                }
              ]
            },
            {
              "name": "workers",
              "total": 0.032504499999893355,
              "count": 2225,
              "self": 0.0,
              "children": [
                {
                  "name": "worker_root",
                  "total": 36.868159699999886,
                  "count": 2225,
                  "is_parallel": true,
                  "self": 12.377474799999739,
                  "children": [
                    {
                      "name": "UnityEnvironment.step",
                      "total": 24.490684900000147,
                      "count": 2225,
                      "is_parallel": true,
                      "self": 1.0682945000001993,
                      "children": [
                        {
                          "name": "UnityEnvironment._generate_step_input",
                          "total": 0.1894345999999949,
                          "count": 2225,
                          "is_parallel": true,
                          "self": 0.1894345999999949
                        },
                        {
                          "name": "communicator.exchange",
                          "total": 23.232955799999953,
                          "count": 2225,
                          "is_parallel": true,
                          "self": 23.232955799999953
                        }
                      ]
                    }
                  ]
                }
              ]
            }
          ]
        },
        {
          "name": "update_policy",
          "total": 0.6356180999999861,
          "count": 22,
          "self": 0.6356180999999861
        }
      ]
    }
  ]
}