{
  "name": "root",
  "total": 45.682232299999995,
  "count": 1,
  "self": 12.447218400000004,
  "children": [
    {
      "name": "TrainerController.advance",
      "total": 33.23501389999999,
      "count": 209,
      "self": 12.767706899999986,
      "children": [
        {
          "name": "env_step",
          "total": 9.07735860000002,
          "count": 209,
          "self": 8.746184100000006,
          "children": [
            {
              "name": "SubprocessEnvManager._take_step",
              "total": 0.3282907000000215,
              "count": 209,
              "self": 0.0051349999999992235,
              "children": [
                {
                  "name": "PPOPolicy.evaluate",
                  "total": 0.32315570000002225,
                  "count": 209,
                  "self": 0.32315570000002225
                }
              ]
            },
            {
              "name": "workers",
              "total": 0.0028837999999922204,
              "count": 208,
              "self": 0.0,
              "children": [
                {
                  "name": "worker_root",
                  "total": 40.93631120000001,
                  "count": 208,
                  "is_parallel": true,
                  "self": 32.69079450000001,
                  "children": [
                    {
                      "name": "UnityEnvironment.step",
                      "total": 8.245516700000003,
                      "count": 208,
                      "is_parallel": true,
                      "self": 2.13213860000001,
                      "children": [
                        {
                          "name": "UnityEnvironment._generate_step_input",
                          "total": 0.4652253000000304,
                          "count": 208,
                          "is_parallel": true,
                          "self": 0.4652253000000304
                        },
                        {
                          "name": "communicator.exchange",
                          "total": 5.648152799999963,
                          "count": 208,
                          "is_parallel": true,
                          "self": 5.648152799999963
                        }
                      ]
                    }
                  ]
                }
              ]
            }
          ]
        },
        {
          "name": "update_policy",
          "total": 11.389948399999986,
          "count": 104,
          "self": 5.477089900000053,
          "children": [
            {
              "name": "PPOPolicy.update",
              "total": 5.912858499999933,
              "count": 738,
              "self": 5.912858499999933
            }
          ]
        }
      ]
    }
  ]
}