{
  "name": "root",
  "total": 11.1245369,
  "count": 1,
  "self": 7.393712399999985,
  "children": [
    {
      "name": "TrainerController.advance",
      "total": 3.7308245000000158,
      "count": 176,
      "self": 0.1935103000000158,
      "children": [
        {
          "name": "env_step",
          "total": 3.515330100000001,
          "count": 176,
          "self": 3.386790999999983,
          "children": [
            {
              "name": "SubprocessEnvManager._take_step",
              "total": 0.12680410000001086,
              "count": 176,
              "self": 0.002840300000000795,
              "children": [
                {
                  "name": "PPOPolicy.evaluate",
                  "total": 0.12396380000001006,
                  "count": 176,
                  "self": 0.12396380000001006
                }
              ]
            },
            {
              "name": "workers",
              "total": 0.0017350000000071475,
              "count": 175,
              "self": 0.0,
              "children": [
                {
                  "name": "worker_root",
                  "total": 8.265958900000001,
                  "count": 175,
                  "is_parallel": true,
                  "self": 5.007830600000004,
                  "children": [
                    {
                      "name": "UnityEnvironment.step",
                      "total": 3.2581282999999974,
                      "count": 175,
                      "is_parallel": true,
                      "self": 0.061782400000002013,
                      "children": [
                        {
                          "name": "UnityEnvironment._generate_step_input",
                          "total": 0.011511499999990349,
                          "count": 175,
                          "is_parallel": true,
                          "self": 0.011511499999990349
                        },
                        {
                          "name": "communicator.exchange",
                          "total": 3.184834400000005,
                          "count": 175,
                          "is_parallel": true,
                          "self": 3.184834400000005
                        }
                      ]
                    }
                  ]
                }
              ]
            }
          ]
        },
        {
          "name": "update_policy",
          "total": 0.021984099999999174,
          "count": 1,
          "self": 0.021984099999999174
        }
      ]
    }
  ]
}