{
  "name": "root",
  "total": 1624.408017,
  "count": 1,
  "self": 1128.8444975000004,
  "children": [
    {
      "name": "TrainerController.advance",
      "total": 495.5635194999996,
      "count": 2190,
      "self": 22.40418029999745,
      "children": [
        {
          "name": "env_step",
          "total": 127.47782670000208,
          "count": 2190,
          "self": 119.8957457000022,
          "children": [
            {
              "name": "SubprocessEnvManager._take_step",
              "total": 7.548442699999818,
              "count": 2190,
              "self": 0.06396519999895389,
              "children": [
                {
                  "name": "PPOPolicy.evaluate",
                  "total": 7.484477500000864,
                  "count": 2190,
                  "self": 7.484477500000864
                }
              ]
            },
            {
              "name": "workers",
              "total": 0.03363830000007084,
              "count": 2189,
              "self": 0.0,
              "children": [
                {
                  "name": "worker_root",
                  "total": 1619.0486902000014,
                  "count": 2189,
                  "is_parallel": true,
                  "self": 1503.6005970000008,
                  "children": [
                    {
                      "name": "UnityEnvironment.step",
                      "total": 115.4480932000005,
                      "count": 2189,
                      "is_parallel": true,
                      "self": 28.834166800001924,
                      "children": [
                        {
                          "name": "UnityEnvironment._generate_step_input",
                          "total": 8.761282000001092,
                          "count": 2189,
                          "is_parallel": true,
                          "self": 8.761282000001092
                        },
                        {
                          "name": "communicator.exchange",
                          "total": 77.85264439999749,
                          "count": 2189,
                          "is_parallel": true,
                          "self": 77.85264439999749
                        }
                      ]
                    }
                  ]
                }
              ]
            }
          ]
        },
        {
          "name": "update_policy",
          "total": 345.68151250000005,
          "count": 85,
          "self": 24.329285900002162,
          "children": [
            {
              "name": "PPOPolicy.update",
              "total": 321.3522265999979,
              "count": 4407,
              "self": 321.3522265999979
            }
          ]
        }
      ]
    }
  ]
}