{
  "name": "root",
  "gauges": [
    {
      "name": "EconomyLearningBrain.mean_reward",
      "value": 99.1583343744278,
      "min": 3.012500047683716,
      "max": 288.51666980981827,
      "count": 46
    }
  ],
  "total": 584.4060962,
  "count": 1,
  "self": 62.87964470000986,
  "children": [
    {
      "name": "TrainerController.advance",
      "total": 521.5264514999901,
      "count": 50001,
      "self": 71.11798119999702,
      "children": [
        {
          "name": "env_step",
          "total": 412.96876739999396,
          "count": 50001,
          "self": 380.79603399998473,
          "children": [
            {
              "name": "SubprocessEnvManager._take_step",
              "total": 31.63337650000772,
              "count": 50001,
              "self": 0.8409459000169903,
              "children": [
                {
                  "name": "PPOPolicy.evaluate",
                  "total": 30.79243059999073,
                  "count": 50001,
                  "self": 30.79243059999073
                }
              ]
            },
            {
              "name": "workers",
              "total": 0.5393569000015166,
              "count": 50001,
              "self": 0.0,
              "children": [
                {
                  "name": "worker_root",
                  "total": 579.7138741999947,
                  "count": 50001,
                  "is_parallel": true,
                  "self": 234.25961779999705,
                  "children": [
                    {
                      "name": "UnityEnvironment.step",
                      "total": 345.4542563999977,
                      "count": 50001,
                      "is_parallel": true,
                      "self": 31.93738450000251,
                      "children": [
                        {
                          "name": "UnityEnvironment._generate_step_input",
                          "total": 6.5137566999941825,
                          "count": 50001,
                          "is_parallel": true,
                          "self": 6.5137566999941825
                        },
                        {
                          "name": "communicator.exchange",
                          "total": 307.003115200001,
                          "count": 50001,
                          "is_parallel": true,
                          "self": 307.003115200001
                        }
                      ]
                    }
                  ]
                }
              ]
            }
          ]
        },
        {
          "name": "update_policy",
          "total": 37.43970289999912,
          "count": 2327,
          "self": 37.43970289999912
        }
      ]
    }
  ]
}