{
  "name": "root",
  "gauges": [
    {
      "name": "EconomyLearningBrain.mean_reward",
      "value": 4.620000027120113,
      "min": 0.45000000298023224,
      "max": 8.475000005215406,
      "count": 14
    }
  ],
  "total": 4045.2208761,
  "count": 1,
  "self": 927.8374442999811,
  "children": [
    {
      "name": "TrainerController.advance",
      "total": 3117.383431800019,
      "count": 34874,
      "self": 1283.3682501000494,
      "children": [
        {
          "name": "env_step",
          "total": 829.7585714000099,
          "count": 34874,
          "self": 790.4236955999916,
          "children": [
            {
              "name": "SubprocessEnvManager._take_step",
              "total": 38.941260100021694,
              "count": 34874,
              "self": 0.7037000999992102,
              "children": [
                {
                  "name": "PPOPolicy.evaluate",
                  "total": 38.237560000022484,
                  "count": 34874,
                  "self": 38.237560000022484
                }
              ]
            },
            {
              "name": "workers",
              "total": 0.3936156999966762,
              "count": 34873,
              "self": 0.0,
              "children": [
                {
                  "name": "worker_root",
                  "total": 4036.8045314000155,
                  "count": 34873,
                  "is_parallel": true,
                  "self": 3292.2500705000575,
                  "children": [
                    {
                      "name": "UnityEnvironment.step",
                      "total": 744.554460899958,
                      "count": 34873,
                      "is_parallel": true,
                      "self": 185.7587602999672,
                      "children": [
                        {
                          "name": "UnityEnvironment._generate_step_input",
                          "total": 37.43315809999831,
                          "count": 34873,
                          "is_parallel": true,
                          "self": 37.43315809999831
                        },
                        {
                          "name": "communicator.exchange",
                          "total": 521.3625424999925,
                          "count": 34873,
                          "is_parallel": true,
                          "self": 521.3625424999925
                        }
                      ]
                    }
                  ]
                }
              ]
            }
          ]
        },
        {
          "name": "update_policy",
          "total": 1004.2566102999597,
          "count": 15416,
          "self": 463.91926609996926,
          "children": [
            {
              "name": "PPOPolicy.update",
              "total": 540.3373441999904,
              "count": 101268,
              "self": 540.3373441999904
            }
          ]
        }
      ]
    }
  ]
}