{
  "name": "root",
  "gauges": [
    {
      "name": "EconomyLearningBrain.mean_reward",
      "value": 13.204999942332506,
      "min": 1.3950000032782555,
      "max": 104.21499977633357,
      "count": 83
    }
  ],
  "total": 32063.0452819,
  "count": 1,
  "self": 618.911868100462,
  "children": [
    {
      "name": "TrainerController.advance",
      "total": 31444.133413799536,
      "count": 259191,
      "self": 11355.435352699042,
      "children": [
        {
          "name": "env_step",
          "total": 10120.144824500981,
          "count": 259191,
          "self": 9826.234649601267,
          "children": [
            {
              "name": "SubprocessEnvManager._take_step",
              "total": 290.011668400297,
              "count": 259191,
              "self": 5.836774499428202,
              "children": [
                {
                  "name": "PPOPolicy.evaluate",
                  "total": 284.1748939008688,
                  "count": 259191,
                  "self": 284.1748939008688
                }
              ]
            },
            {
              "name": "workers",
              "total": 3.8985064994171648,
              "count": 259190,
              "self": 0.0,
              "children": [
                {
                  "name": "worker_root",
                  "total": 32005.230893399505,
                  "count": 259190,
                  "is_parallel": true,
                  "self": 22643.164828499343,
                  "children": [
                    {
                      "name": "UnityEnvironment.step",
                      "total": 9362.066064900164,
                      "count": 259190,
                      "is_parallel": true,
                      "self": 2187.140716000492,
                      "children": [
                        {
                          "name": "UnityEnvironment._generate_step_input",
                          "total": 453.302919498968,
                          "count": 259190,
                          "is_parallel": true,
                          "self": 453.302919498968
                        },
                        {
                          "name": "communicator.exchange",
                          "total": 6721.622429400704,
                          "count": 259190,
                          "is_parallel": true,
                          "self": 6721.622429400704
                        }
                      ]
                    }
                  ]
                }
              ]
            }
          ]
        },
        {
          "name": "update_policy",
          "total": 9968.553236599513,
          "count": 110139,
          "self": 5166.831628499887,
          "children": [
            {
              "name": "PPOPolicy.update",
              "total": 4801.721608099626,
              "count": 717627,
              "self": 4801.721608099626
            }
          ]
        }
      ]
    }
  ]
}