{
  "name": "root",
  "total": 61.7529216,
  "count": 1,
  "self": 7.9769186999999775,
  "children": [
    {
      "name": "TrainerController.advance",
      "total": 53.77600290000002,
      "count": 427,
      "self": 20.583947600000045,
      "children": [
        {
          "name": "env_step",
          "total": 15.327910799999998,
          "count": 427,
          "self": 14.740991299999983,
          "children": [
            {
              "name": "SubprocessEnvManager._take_step",
              "total": 0.5808881000000374,
              "count": 427,
              "self": 0.010156799999969657,
              "children": [
                {
                  "name": "PPOPolicy.evaluate",
                  "total": 0.5707313000000678,
                  "count": 427,
                  "self": 0.5707313000000678
                }
              ]
            },
            {
              "name": "workers",
              "total": 0.006031399999978149,
              "count": 426,
              "self": 0.0,
              "children": [
                {
                  "name": "worker_root",
                  "total": 57.0779905,
                  "count": 426,
                  "is_parallel": true,
                  "self": 43.219415400000045,
                  "children": [
                    {
                      "name": "UnityEnvironment.step",
                      "total": 13.858575099999955,
                      "count": 426,
                      "is_parallel": true,
                      "self": 3.756207499999853,
                      "children": [
                        {
                          "name": "UnityEnvironment._generate_step_input",
                          "total": 0.8056754000000317,
                          "count": 426,
                          "is_parallel": true,
                          "self": 0.8056754000000317
                        },
                        {
                          "name": "communicator.exchange",
                          "total": 9.29669220000007,
                          "count": 426,
                          "is_parallel": true,
                          "self": 9.29669220000007
                        }
                      ]
                    }
                  ]
                }
              ]
            }
          ]
        },
        {
          "name": "update_policy",
          "total": 17.86414449999998,
          "count": 180,
          "self": 8.955691599999955,
          "children": [
            {
              "name": "PPOPolicy.update",
              "total": 8.908452900000025,
              "count": 1215,
              "self": 8.908452900000025
            }
          ]
        }
      ]
    }
  ]
}