{
  "name": "root",
  "gauges": [
    {
      "name": "EconomyLearningBrain.mean_reward",
      "value": 123.76861187256873,
      "min": 1.5687500042840838,
      "max": 130.64527857117355,
      "count": 24
    }
  ],
  "total": 14200.4814403,
  "count": 1,
  "self": 16.563895000119373,
  "children": [
    {
      "name": "TrainerController.advance",
      "total": 14183.91754529988,
      "count": 100001,
      "self": 1446.8356787997163,
      "children": [
        {
          "name": "env_step",
          "total": 7775.376885500143,
          "count": 100001,
          "self": 7556.643852700557,
          "children": [
            {
              "name": "SubprocessEnvManager._take_step",
              "total": 217.29788059978958,
              "count": 100001,
              "self": 2.252978099919318,
              "children": [
                {
                  "name": "PPOPolicy.evaluate",
                  "total": 215.04490249987026,
                  "count": 100001,
                  "self": 215.04490249987026
                }
              ]
            },
            {
              "name": "workers",
              "total": 1.4351521997962848,
              "count": 100001,
              "self": 0.0,
              "children": [
                {
                  "name": "worker_root",
                  "total": 14175.581175999716,
                  "count": 100001,
                  "is_parallel": true,
                  "self": 6794.86471869954,
                  "children": [
                    {
                      "name": "UnityEnvironment.step",
                      "total": 7380.7164573001755,
                      "count": 100001,
                      "is_parallel": true,
                      "self": 859.3093481001752,
                      "children": [
                        {
                          "name": "UnityEnvironment._generate_step_input",
                          "total": 176.1626893998765,
                          "count": 100001,
                          "is_parallel": true,
                          "self": 176.1626893998765
                        },
                        {
                          "name": "communicator.exchange",
                          "total": 6345.244419800124,
                          "count": 100001,
                          "is_parallel": true,
                          "self": 6345.244419800124
                        }
                      ]
                    }
                  ]
                }
              ]
            }
          ]
        },
        {
          "name": "update_policy",
          "total": 4961.704981000021,
          "count": 6647,
          "self": 2037.8295360997545,
          "children": [
            {
              "name": "PPOPolicy.update",
              "total": 2923.8754449002663,
              "count": 334248,
              "self": 2923.8754449002663
            }
          ]
        }
      ]
    }
  ]
}