{
  "name": "root",
  "total": 702.7322422999999,
  "count": 1,
  "self": 92.25011180000126,
  "children": [
    {
      "name": "TrainerController.advance",
      "total": 610.4821304999987,
      "count": 50001,
      "self": 110.61585390000414,
      "children": [
        {
          "name": "env_step",
          "total": 362.3998302999951,
          "count": 50001,
          "self": 323.1470247999906,
          "children": [
            {
              "name": "SubprocessEnvManager._take_step",
              "total": 38.554952899997815,
              "count": 50001,
              "self": 1.0046314999905022,
              "children": [
                {
                  "name": "PPOPolicy.evaluate",
                  "total": 37.55032140000731,
                  "count": 50001,
                  "self": 37.55032140000731
                }
              ]
            },
            {
              "name": "workers",
              "total": 0.6978526000066685,
              "count": 50001,
              "self": 0.0,
              "children": [
                {
                  "name": "worker_root",
                  "total": 695.9639138999979,
                  "count": 50001,
                  "is_parallel": true,
                  "self": 417.5372435000014,
                  "children": [
                    {
                      "name": "UnityEnvironment.step",
                      "total": 278.4266703999965,
                      "count": 50001,
                      "is_parallel": true,
                      "self": 67.85629400000579,
                      "children": [
                        {
                          "name": "UnityEnvironment._generate_step_input",
                          "total": 15.623652500000105,
                          "count": 50001,
                          "is_parallel": true,
                          "self": 15.623652500000105
                        },
                        {
                          "name": "communicator.exchange",
                          "total": 194.94672389999062,
                          "count": 50001,
                          "is_parallel": true,
                          "self": 194.94672389999062
                        }
                      ]
                    }
                  ]
                }
              ]
            }
          ]
        },
        {
          "name": "update_policy",
          "total": 137.46644629999943,
          "count": 769,
          "self": 112.88627120000001,
          "children": [
            {
              "name": "PPOPolicy.update",
              "total": 24.580175099999426,
              "count": 2307,
              "self": 24.580175099999426
            }
          ]
        }
      ]
    }
  ]
}