{
  "name": "root",
  "total": 107.025497,
  "count": 1,
  "self": 16.168309000000164,
  "children": [
    {
      "name": "TrainerController.advance",
      "total": 90.85718799999984,
      "count": 1378,
      "self": 15.712578300000061,
      "children": [
        {
          "name": "env_step",
          "total": 50.56917739999982,
          "count": 1378,
          "self": 49.01653949999979,
          "children": [
            {
              "name": "SubprocessEnvManager._take_step",
              "total": 1.5384855000001512,
              "count": 1378,
              "self": 0.024670800000071935,
              "children": [
                {
                  "name": "PPOPolicy.evaluate",
                  "total": 1.5138147000000792,
                  "count": 1378,
                  "self": 1.5138147000000792
                }
              ]
            },
            {
              "name": "workers",
              "total": 0.014152399999886711,
              "count": 1377,
              "self": 0.0,
              "children": [
                {
                  "name": "worker_root",
                  "total": 103.74552650000011,
                  "count": 1377,
                  "is_parallel": true,
                  "self": 56.795031500000334,
                  "children": [
                    {
                      "name": "UnityEnvironment.step",
                      "total": 46.950494999999776,
                      "count": 1377,
                      "is_parallel": true,
                      "self": 9.980638099999496,
                      "children": [
                        {
                          "name": "UnityEnvironment._generate_step_input",
                          "total": 1.9547190000001713,
                          "count": 1377,
                          "is_parallel": true,
                          "self": 1.9547190000001713
                        },
                        {
                          "name": "communicator.exchange",
                          "total": 35.01513790000011,
                          "count": 1377,
                          "is_parallel": true,
                          "self": 35.01513790000011
                        }
                      ]
                    }
                  ]
                }
              ]
            }
          ]
        },
        {
          "name": "update_policy",
          "total": 24.575432299999957,
          "count": 28,
          "self": 17.717106599999866,
          "children": [
            {
              "name": "PPOPolicy.update",
              "total": 6.858325700000091,
              "count": 840,
              "self": 6.858325700000091
            }
          ]
        }
      ]
    }
  ]
}