{
  "name": "root",
  "total": 1200.3192563999999,
  "count": 1,
  "self": 12.62830920001943,
  "children": [
    {
      "name": "TrainerController.advance",
      "total": 1187.6909471999804,
      "count": 50001,
      "self": 126.85976569999139,
      "children": [
        {
          "name": "env_step",
          "total": 851.7940618999878,
          "count": 50001,
          "self": 817.388543399982,
          "children": [
            {
              "name": "SubprocessEnvManager._take_step",
              "total": 33.89144370000231,
              "count": 50001,
              "self": 0.7820259999796804,
              "children": [
                {
                  "name": "PPOPolicy.evaluate",
                  "total": 33.10941770002263,
                  "count": 50001,
                  "self": 33.10941770002263
                }
              ]
            },
            {
              "name": "workers",
              "total": 0.5140748000034439,
              "count": 50001,
              "self": 0.0,
              "children": [
                {
                  "name": "worker_root",
                  "total": 1193.30821660001,
                  "count": 50001,
                  "is_parallel": true,
                  "self": 417.1315954000013,
                  "children": [
                    {
                      "name": "UnityEnvironment.step",
                      "total": 776.1766212000086,
                      "count": 50001,
                      "is_parallel": true,
                      "self": 92.19165730000236,
                      "children": [
                        {
                          "name": "UnityEnvironment._generate_step_input",
                          "total": 17.95494510001595,
                          "count": 50001,
                          "is_parallel": true,
                          "self": 17.95494510001595
                        },
                        {
                          "name": "communicator.exchange",
                          "total": 666.0300187999903,
                          "count": 50001,
                          "is_parallel": true,
                          "self": 666.0300187999903
                        }
                      ]
                    }
                  ]
                }
              ]
            }
          ]
        },
        {
          "name": "update_policy",
          "total": 209.03711960000118,
          "count": 241,
          "self": 155.46726740000437,
          "children": [
            {
              "name": "PPOPolicy.update",
              "total": 53.5698521999968,
              "count": 7236,
              "self": 53.5698521999968
            }
          ]
        }
      ]
    }
  ]
}