{
  "name": "root",
  "gauges": [
    {
      "name": "AdventurerLearningBrain.mean_reward",
      "value": 1.3333333432674408,
      "min": 1.1666666716337204,
      "max": 1.8888888731598854,
      "count": 4
    }
  ],
  "total": 914.4586183,
  "count": 1,
  "self": 370.76309259999914,
  "children": [
    {
      "name": "TrainerController.advance",
      "total": 543.6955257000009,
      "count": 8859,
      "self": 63.451631000002635,
      "children": [
        {
          "name": "env_step",
          "total": 378.20682959999806,
          "count": 8859,
          "self": 369.9604703999997,
          "children": [
            {
              "name": "SubprocessEnvManager._take_step",
              "total": 8.147505300000857,
              "count": 8859,
              "self": 0.16091600000140716,
              "children": [
                {
                  "name": "PPOPolicy.evaluate",
                  "total": 7.98658929999945,
                  "count": 8859,
                  "self": 7.98658929999945
                }
              ]
            },
            {
              "name": "workers",
              "total": 0.09885389999755034,
              "count": 8858,
              "self": 0.0,
              "children": [
                {
                  "name": "worker_root",
                  "total": 897.4374212000004,
                  "count": 8858,
                  "is_parallel": true,
                  "self": 550.4017960000008,
                  "children": [
                    {
                      "name": "UnityEnvironment.step",
                      "total": 347.03562519999963,
                      "count": 8858,
                      "is_parallel": true,
                      "self": 42.504300899998384,
                      "children": [
                        {
                          "name": "UnityEnvironment._generate_step_input",
                          "total": 8.081538700003655,
                          "count": 8858,
                          "is_parallel": true,
                          "self": 8.081538700003655
                        },
                        {
                          "name": "communicator.exchange",
                          "total": 296.4497855999976,
                          "count": 8858,
                          "is_parallel": true,
                          "self": 296.4497855999976
                        }
                      ]
                    }
                  ]
                }
              ]
            }
          ]
        },
        {
          "name": "update_policy",
          "total": 102.0370651000002,
          "count": 116,
          "self": 74.98222490000254,
          "children": [
            {
              "name": "PPOPolicy.update",
              "total": 27.054840199997663,
              "count": 3480,
              "self": 27.054840199997663
            }
          ]
        }
      ]
    }
  ]
}