{
  "name": "root",
  "total": 118.6805942,
  "count": 1,
  "self": 6.674229499999782,
  "children": [
    {
      "name": "TrainerController.advance",
      "total": 112.00636470000022,
      "count": 4291,
      "self": 1.9611023000002916,
      "children": [
        {
          "name": "env_step",
          "total": 110.04526239999993,
          "count": 4291,
          "self": 109.96857630000008,
          "children": [
            {
              "name": "SubprocessEnvManager._take_step",
              "total": 0.031258799999913656,
              "count": 4291,
              "self": 0.031258799999913656
            },
            {
              "name": "workers",
              "total": 0.045427299999933446,
              "count": 4290,
              "self": 0.0,
              "children": [
                {
                  "name": "worker_root",
                  "total": 115.49521520000066,
                  "count": 4290,
                  "is_parallel": true,
                  "self": 8.13993100000036,
                  "children": [
                    {
                      "name": "UnityEnvironment.step",
                      "total": 107.3552842000003,
                      "count": 4290,
                      "is_parallel": true,
                      "self": 1.2236627000004745,
                      "children": [
                        {
                          "name": "UnityEnvironment._generate_step_input",
                          "total": 0.07805380000001172,
                          "count": 4290,
                          "is_parallel": true,
                          "self": 0.07805380000001172
                        },
                        {
                          "name": "communicator.exchange",
                          "total": 106.05356769999982,
                          "count": 4290,
                          "is_parallel": true,
                          "self": 106.05356769999982
                        }
                      ]
                    }
                  ]
                }
              ]
            }
          ]
        }
      ]
    }
  ]
}