{
  "name": "root",
  "gauges": [
    {
      "name": "Adventurer.mean_reward",
      "value": 0.0,
      "min": 0.0,
      "max": 0.0,
      "count": 1
    }
  ],
  "total": 204.9034828,
  "count": 1,
  "self": 11.445898500000027,
  "children": [
    {
      "name": "TrainerController.advance",
      "total": 193.45758429999998,
      "count": 3396,
      "self": 4.438035700000199,
      "children": [
        {
          "name": "env_step",
          "total": 188.1761602999998,
          "count": 3396,
          "self": 185.6210725999999,
          "children": [
            {
              "name": "SubprocessEnvManager._take_step",
              "total": 2.5241450999998687,
              "count": 3396,
              "self": 0.04921849999980843,
              "children": [
                {
                  "name": "PPOPolicy.evaluate",
                  "total": 2.4749266000000603,
                  "count": 3396,
                  "self": 2.4749266000000603
                }
              ]
            },
            {
              "name": "workers",
              "total": 0.03094260000003146,
              "count": 3395,
              "self": 0.0,
              "children": [
                {
                  "name": "worker_root",
                  "total": 34.61833360000004,
                  "count": 3395,
                  "is_parallel": true,
                  "self": 18.119803100000087,
                  "children": [
                    {
                      "name": "UnityEnvironment.step",
                      "total": 16.498530499999955,
                      "count": 3395,
                      "is_parallel": true,
                      "self": 0.5648672000000552,
                      "children": [
                        {
                          "name": "UnityEnvironment._generate_step_input",
                          "total": 0.15882199999989854,
                          "count": 3395,
                          "is_parallel": true,
                          "self": 0.15882199999989854
                        },
                        {
                          "name": "communicator.exchange",
                          "total": 15.774841300000002,
                          "count": 3395,
                          "is_parallel": true,
                          "self": 15.774841300000002
                        }
                      ]
                    }
                  ]
                }
              ]
            }
          ]
        },
        {
          "name": "update_policy",
          "total": 0.8433883000000009,
          "count": 1,
          "self": 0.16601720000000242,
          "children": [
            {
              "name": "PPOPolicy.update",
              "total": 0.6773710999999984,
              "count": 54,
              "self": 0.6773710999999984
            }
          ]
        }
      ]
    }
  ]
}