{
  "name": "root",
  "total": 37.365818,
  "count": 1,
  "self": 13.937691100000045,
  "children": [
    {
      "name": "TrainerController.advance",
      "total": 23.428126899999953,
      "count": 2118,
      "self": 2.243388799999842,
      "children": [
        {
          "name": "env_step",
          "total": 19.10715210000011,
          "count": 2118,
          "self": 17.337282300000055,
          "children": [
            {
              "name": "SubprocessEnvManager._take_step",
              "total": 1.7411761999999786,
              "count": 2118,
              "self": 0.0454023999999027,
              "children": [
                {
                  "name": "PPOPolicy.evaluate",
                  "total": 1.695773800000076,
                  "count": 2118,
                  "self": 1.695773800000076
                }
              ]
            },
            {
              "name": "workers",
              "total": 0.02869360000007859,
              "count": 2117,
              "self": 0.0,
              "children": [
                {
                  "name": "worker_root",
                  "total": 32.1613259999999,
                  "count": 2117,
                  "is_parallel": true,
                  "self": 16.51095139999986,
                  "children": [
                    {
                      "name": "UnityEnvironment.step",
                      "total": 15.65037460000004,
                      "count": 2117,
                      "is_parallel": true,
                      "self": 1.150927500000087,
                      "children": [
                        {
                          "name": "UnityEnvironment._generate_step_input",
                          "total": 0.29347619999999885,
                          "count": 2117,
                          "is_parallel": true,
                          "self": 0.29347619999999885
                        },
                        {
                          "name": "communicator.exchange",
                          "total": 14.205970899999954,
                          "count": 2117,
                          "is_parallel": true,
                          "self": 14.205970899999954
                        }
                      ]
                    }
                  ]
                }
              ]
            }
          ]
        },
        {
          "name": "update_policy",
          "total": 2.077586,
          "count": 1,
          "self": 1.1745403000000003,
          "children": [
            {
              "name": "PPOPolicy.update",
              "total": 0.9030456999999998,
              "count": 30,
              "self": 0.9030456999999998
            }
          ]
        }
      ]
    }
  ]
}