{
  "name": "root",
  "total": 100.96928190000001,
  "count": 1,
  "self": 10.806295699999964,
  "children": [
    {
      "name": "TrainerController.advance",
      "total": 90.16298620000005,
      "count": 2002,
      "self": 2.7245752999999695,
      "children": [
        {
          "name": "env_step",
          "total": 87.43841090000008,
          "count": 2002,
          "self": 85.85085980000001,
          "children": [
            {
              "name": "SubprocessEnvManager._take_step",
              "total": 1.5617230999999645,
              "count": 2002,
              "self": 0.04117380000007209,
              "children": [
                {
                  "name": "PPOPolicy.evaluate",
                  "total": 1.5205492999998924,
                  "count": 2002,
                  "self": 1.5205492999998924
                }
              ]
            },
            {
              "name": "workers",
              "total": 0.025828000000100104,
              "count": 2001,
              "self": 0.0,
              "children": [
                {
                  "name": "worker_root",
                  "total": 39.680624999999935,
                  "count": 2001,
                  "is_parallel": true,
                  "self": 11.806360999999963,
                  "children": [
                    {
                      "name": "UnityEnvironment.step",
                      "total": 27.87426399999997,
                      "count": 2001,
                      "is_parallel": true,
                      "self": 0.7022403000000601,
                      "children": [
                        {
                          "name": "UnityEnvironment._generate_step_input",
                          "total": 0.12114389999990127,
                          "count": 2001,
                          "is_parallel": true,
                          "self": 0.12114389999990127
                        },
                        {
                          "name": "communicator.exchange",
                          "total": 27.05087980000001,
                          "count": 2001,
                          "is_parallel": true,
                          "self": 27.05087980000001
                        }
                      ]
                    }
                  ]
                }
              ]
            }
          ]
        }
      ]
    }
  ]
}