{
  "name": "root",
  "total": 31.344563899999997,
  "count": 1,
  "self": 7.0534834000000615,
  "children": [
    {
      "name": "TrainerController.advance",
      "total": 24.291080499999936,
      "count": 2002,
      "self": 2.3376927999998856,
      "children": [
        {
          "name": "env_step",
          "total": 21.95338770000005,
          "count": 2002,
          "self": 20.66890269999997,
          "children": [
            {
              "name": "SubprocessEnvManager._take_step",
              "total": 1.265995700000036,
              "count": 2002,
              "self": 0.03199169999997675,
              "children": [
                {
                  "name": "PPOPolicy.evaluate",
                  "total": 1.2340040000000592,
                  "count": 2002,
                  "self": 1.2340040000000592
                }
              ]
            },
            {
              "name": "workers",
              "total": 0.01848930000004767,
              "count": 2001,
              "self": 0.0,
              "children": [
                {
                  "name": "worker_root",
                  "total": 16.999777899999998,
                  "count": 2001,
                  "is_parallel": true,
                  "self": 8.281683299999973,
                  "children": [
                    {
                      "name": "UnityEnvironment.step",
                      "total": 8.718094600000025,
                      "count": 2001,
                      "is_parallel": true,
                      "self": 0.5017517000000691,
                      "children": [
                        {
                          "name": "UnityEnvironment._generate_step_input",
                          "total": 0.0866185999999538,
                          "count": 2001,
                          "is_parallel": true,
                          "self": 0.0866185999999538
                        },
                        {
                          "name": "communicator.exchange",
                          "total": 8.129724300000003,
                          "count": 2001,
                          "is_parallel": true,
                          "self": 8.129724300000003
                        }
                      ]
                    }
                  ]
                }
              ]
            }
          ]
        }
      ]
    }
  ]
}