{"count":1,"self":3223.6656639999997,"total":10044.2852001,"children":{"AgentResetIfDone":{"count":23214252,"self":173.495552,"total":173.49554849999998,"children":null},"AgentSendState":{"count":23214252,"self":173.7824512,"total":599.0383676,"children":{"CollectObservations":{"count":4994497,"self":425.2559104,"total":425.2559119,"children":null}}},"DecideAction":{"count":23214252,"self":5799.6115967999995,"total":5826.3814673,"children":{"AgentInfo.ToProto":{"count":1000002,"self":26.7696768,"total":26.769676999999998,"children":null}}},"AcademyStep":{"count":23214252,"self":98.206406399999992,"total":98.2064091,"children":null},"AgentAct":{"count":23214252,"self":123.49681919999999,"total":123.49681609999999,"children":null}}}