{"count":1,"self":93.5610112,"total":1079.3285752,"children":{"AgentResetIfDone":{"count":381917,"self":2.8321207999999998,"total":2.8321207,"children":null},"AgentSendState":{"count":381917,"self":7.3681519999999994,"total":44.997172899999995,"children":{"CollectObservations":{"count":386908,"self":37.6290208,"total":37.6290209,"children":null}}},"DecideAction":{"count":381917,"self":929.9914752,"total":931.9855348,"children":{"AgentInfo.ToProto":{"count":62657,"self":1.9941103999999998,"total":1.9941105,"children":null}}},"AcademyStep":{"count":381917,"self":1.6177051999999998,"total":1.6177051999999998,"children":null},"AgentAct":{"count":381917,"self":4.334034,"total":4.3340341,"children":null}}}