{"count":1,"gauges":{},"self":23.2686368,"total":375.232032,"children":{"AgentResetIfDone":{"count":65984,"self":0.6461118,"total":0.6461118,"children":null},"AgentSendState":{"count":65984,"self":7.7836184,"total":53.7431932,"children":{"CollectObservations":{"count":404866,"self":45.9595744,"total":45.959574499999995,"children":null}}},"DecideAction":{"count":65984,"self":267.93111039999997,"total":270.66315879999996,"children":{"AgentInfo.ToProto":{"count":21386,"self":2.7320596,"total":2.7320595,"children":null}}},"AcademyStep":{"count":65984,"self":0.4325632,"total":0.4325632,"children":null},"AgentAct":{"count":65984,"self":26.478368,"total":26.4783677,"children":null}}}