{"count":1,"self":587.8695424,"total":828.4539262,"children":{"AgentResetIfDone":{"count":8117418,"self":52.7827008,"total":52.7827024,"children":null},"AgentSendState":{"count":8117418,"self":42.335532799999996,"total":42.5090192,"children":{"CollectObservations":{"count":2006,"self":0.1734871,"total":0.1734871,"children":null}}},"DecideAction":{"count":8117418,"self":59.6218176,"total":59.659729799999994,"children":{"AgentInfo.ToProto":{"count":2006,"self":0.0379116,"total":0.0379116,"children":null}}},"AcademyStep":{"count":8117418,"self":42.2817632,"total":42.281762,"children":null},"AgentAct":{"count":8117418,"self":43.3501696,"total":43.3501683,"children":null}}}