{"count":1,"self":7.7503535999999995,"total":7.809174,"children":{"AgentResetIfDone":{"count":450,"self":0,"total":0,"children":null},"AgentSendState":{"count":450,"self":0.0129711,"total":0.0499262,"children":{"CollectObservations":{"count":1200,"self":0.0369551,"total":0.0369551,"children":null}}},"DecideAction":{"count":450,"self":0.0019952999999999998,"total":0.0019952999999999998,"children":null},"AcademyStep":{"count":450,"self":0,"total":0,"children":null},"AgentAct":{"count":450,"self":0.0059384999999999993,"total":0.0059384999999999993,"children":null}}}