{"count":1,"gauges":{},"self":11.0694208,"total":11.1504456,"children":{"AgentResetIfDone":{"count":2484,"self":0.028015599999999998,"total":0.028015599999999998,"children":null},"AgentSendState":{"count":2484,"self":0.013003299999999999,"total":0.013003299999999999,"children":null},"DecideAction":{"count":2484,"self":0.0170034,"total":0.0170034,"children":null},"AcademyStep":{"count":2484,"self":0.0070006,"total":0.0070006,"children":null},"AgentAct":{"count":2484,"self":0.0150017,"total":0.0150017,"children":null}}}