{"count":1,"gauges":{},"self":183.77643519999998,"total":363.01845249999997,"children":{"AgentResetIfDone":{"count":240884,"self":8.5952096,"total":8.5952094,"children":null},"AgentSendState":{"count":240884,"self":4.0109411999999995,"total":26.745320699999997,"children":{"CollectObservations":{"count":163150,"self":22.7343792,"total":22.7343796,"children":null}}},"DecideAction":{"count":240884,"self":94.07699199999999,"total":95.026747,"children":{"AgentInfo.ToProto":{"count":3844,"self":0.9497549999999999,"total":0.9497549999999999,"children":null}}},"AcademyStep":{"count":240884,"self":1.4537962,"total":1.4537962,"children":null},"AgentAct":{"count":240884,"self":47.418940799999994,"total":47.4189419,"children":null}}}