{
  "name": "root",
  "gauges": [
    {
      "name": "EconomyLearningBrain.mean_reward",
      "value": 49.97999989613891,
      "min": 1.4700000025331974,
      "max": 49.97999989613891,
      "count": 36
    }
  ],
  "total": 14780.330370200001,
  "count": 1,
  "self": 24.44174760021633,
  "children": [
    {
      "name": "TrainerController.advance",
      "total": 14755.888622599785,
      "count": 100001,
      "self": 1767.7163549993347,
      "children": [
        {
          "name": "env_step",
          "total": 6811.0207431003655,
          "count": 100001,
          "self": 6642.602580100471,
          "children": [
            {
              "name": "SubprocessEnvManager._take_step",
              "total": 166.92602080016778,
              "count": 100001,
              "self": 2.1532949001508825,
              "children": [
                {
                  "name": "PPOPolicy.evaluate",
                  "total": 164.7727259000169,
                  "count": 100001,
                  "self": 164.7727259000169
                }
              ]
            },
            {
              "name": "workers",
              "total": 1.4921421997269348,
              "count": 100001,
              "self": 0.0,
              "children": [
                {
                  "name": "worker_root",
                  "total": 14749.157754200225,
                  "count": 100001,
                  "is_parallel": true,
                  "self": 8361.085472800249,
                  "children": [
                    {
                      "name": "UnityEnvironment.step",
                      "total": 6388.072281399976,
                      "count": 100001,
                      "is_parallel": true,
                      "self": 1897.9725524999421,
                      "children": [
                        {
                          "name": "UnityEnvironment._generate_step_input",
                          "total": 531.318241600192,
                          "count": 100001,
                          "is_parallel": true,
                          "self": 531.318241600192
                        },
                        {
                          "name": "communicator.exchange",
                          "total": 3958.781487299842,
                          "count": 100001,
                          "is_parallel": true,
                          "self": 3958.781487299842
                        }
                      ]
                    }
                  ]
                }
              ]
            }
          ]
        },
        {
          "name": "update_policy",
          "total": 6177.1515245000855,
          "count": 12828,
          "self": 227.87360160016124,
          "children": [
            {
              "name": "PPOPolicy.update",
              "total": 5949.277922899924,
              "count": 358350,
              "self": 5949.277922899924
            }
          ]
        }
      ]
    }
  ]
}