{"count":1,"self":0.1470336,"total":0.1490337,"children":null}