{"count":1,"self":0.1860423,"total":0.1870426,"children":null}