{"count":1,"self":4.8135816,"total":4.8245828,"children":{"AgentResetIfDone":{"count":45,"self":0.0010016,"total":0.0010016,"children":null},"AgentSendState":{"count":45,"self":0.0030004,"total":0.004999,"children":{"CollectObservations":{"count":225,"self":0.0019986,"total":0.0019986,"children":null}}},"DecideAction":{"count":45,"self":0.0010000999999999999,"total":0.0010000999999999999,"children":null},"AcademyStep":{"count":45,"self":0.0009999,"total":0.0009999,"children":null},"AgentAct":{"count":45,"self":0.0010002,"total":0.0010002,"children":null}}}