{"count":1,"self":3.1961328,"total":3.2041611999999997,"children":{"AgentResetIfDone":{"count":24,"self":0.0010082,"total":0.0010082,"children":null},"AgentSendState":{"count":24,"self":0.0019936999999999997,"total":0.0029950999999999997,"children":{"CollectObservations":{"count":120,"self":0.0010014,"total":0.0010014,"children":null}}},"DecideAction":{"count":24,"self":0.0010007,"total":0.0010007,"children":null},"AcademyStep":{"count":24,"self":0,"total":0,"children":null},"AgentAct":{"count":24,"self":0.0010243,"total":0.0010243,"children":null}}}