{"count":1,"self":60.9166016,"total":61.061302999999995,"children":{"AgentResetIfDone":{"count":739,"self":0.0029995,"total":0.0029995,"children":null},"AgentSendState":{"count":739,"self":0.0210224,"total":0.048766699999999996,"children":{"CollectObservations":{"count":3695,"self":0.0277443,"total":0.0277443,"children":null}}},"DecideAction":{"count":739,"self":0.020909499999999998,"total":0.020909499999999998,"children":null},"AcademyStep":{"count":739,"self":0.0610215,"total":0.0610215,"children":null},"AgentAct":{"count":739,"self":0.0090045,"total":0.0090045,"children":null}}}