{"count":1,"self":5.0000567999999994,"total":5.0090594,"children":{"AgentResetIfDone":{"count":37,"self":0.0009989,"total":0.0009989,"children":null},"AgentSendState":{"count":37,"self":0.0020012999999999997,"total":0.0050028999999999994,"children":{"CollectObservations":{"count":185,"self":0.0030015999999999997,"total":0.0030015999999999997,"children":null}}},"DecideAction":{"count":37,"self":0.0009991,"total":0.0009991,"children":null},"AcademyStep":{"count":37,"self":0.001001,"total":0.001001,"children":null},"AgentAct":{"count":37,"self":0,"total":0,"children":null}}}