{"count":1,"self":34.7253568,"total":34.736031499999996,"children":{"AgentResetIfDone":{"count":339,"self":0.0018227999999999999,"total":0.0018227999999999999,"children":null},"AgentSendState":{"count":339,"self":0.0019743,"total":0.0029720999999999997,"children":{"CollectObservations":{"count":112,"self":0.00099779999999999986,"total":0.00099779999999999986,"children":null}}},"DecideAction":{"count":339,"self":0.0018846,"total":0.0018846,"children":null},"AcademyStep":{"count":339,"self":0,"total":0,"children":null},"AgentAct":{"count":339,"self":0.0029923999999999997,"total":0.0029923999999999997,"children":null}}}