{"count":1,"self":0.2040447,"total":0.20604499999999998,"children":null}