{"count":1,"self":28.7780736,"total":28.8384543,"children":{"AgentResetIfDone":{"count":293,"self":0.0060027,"total":0.0060027,"children":null},"AgentSendState":{"count":293,"self":0.0142659,"total":0.030369,"children":{"CollectObservations":{"count":1465,"self":0.0161031,"total":0.0161031,"children":null}}},"DecideAction":{"count":293,"self":0.0039994,"total":0.0039994,"children":null},"AcademyStep":{"count":293,"self":0.0100039,"total":0.0100039,"children":null},"AgentAct":{"count":293,"self":0.008007499999999999,"total":0.008007499999999999,"children":null}}}