{"count":1,"self":178.3329408,"total":178.5302269,"children":{"AgentResetIfDone":{"count":2127,"self":0.0075108,"total":0.0075108,"children":null},"AgentSendState":{"count":2127,"self":0.0473988,"total":0.0891043,"children":{"CollectObservations":{"count":10635,"self":0.0417055,"total":0.0417055,"children":null}}},"DecideAction":{"count":2127,"self":0.0267121,"total":0.0267121,"children":null},"AcademyStep":{"count":2127,"self":0.059966399999999996,"total":0.059966399999999996,"children":null},"AgentAct":{"count":2127,"self":0.0119194,"total":0.0119194,"children":null}}}